Division,Province,Tikina,Village
Central,Naitasiri,Lutu,Lutu
Central,Naitasiri,Lutu,Navuniyaro
Central,Naitasiri,Lutu,Nukuloa
Central,Naitasiri,Matailobau,Nairukuruku
Central,Naitasiri,Matailobau,Navuniyasi
Central,Naitasiri,Matailobau,Taulevu
Central,Naitasiri,Matailobau,Delaitoga
Central,Naitasiri,Matailobau,Nabena
Central,Naitasiri,Matailobau,Matailobau
Central,Naitasiri,Muaira,Matainasau
Central,Naitasiri,Muaira,Waibasaga
Central,Naitasiri,Muaira,Botenaulu
Central,Naitasiri,Muaira,Nabukunivatu
Central,Naitasiri,Muaira,Bulibulinakuro
Central,Naitasiri,Muaira,Lutu
Central,Naitasiri,Muaira,Nadovu
Central,Naitasiri,Nabaitavo,Nabaitavo
Central,Naitasiri,Nabaitavo,Natavea
Central,Naitasiri,Naboubuco,Naqelewai
Central,Naitasiri,Naboubuco,Rewasau
Central,Naitasiri,Naboubuco,Nasiriti
Central,Naitasiri,Naboubuco,Nasoqo
Central,Naitasiri,Naboubuco,Roma
Central,Naitasiri,Naboubuco,Navai
Central,Naitasiri,Nadaravakawalu,Naivucini
Central,Naitasiri,Nadaravakawalu,Saumakia
Central,Naitasiri,Nadaravakawalu,Naitauvoli
Central,Naitasiri,Nadaravakawalu,Nuku
Central,Naitasiri,Nagonenicolo,Nakorosule
Central,Naitasiri,Nagonenicolo,Waibalavu
Central,Naitasiri,Nagonenicolo,Waisomo
Central,Naitasiri,Nagonenicolo,Wairuarua
Central,Naitasiri,Nagonenicolo,Nasalia
Central,Naitasiri,Nagonenicolo,Laselevu
Central,Naitasiri,Nagonenicolo,Udu
Central,Naitasiri,Nagonenicolo,Dreketi
Central,Naitasiri,Nagonenicolo,Nakida
Central,Naitasiri,Naitasiri,Navuso
Central,Naitasiri,Naitasiri,Tamavua
Central,Naitasiri,Naitasiri,Kalabu
Central,Naitasiri,Naitasiri,Vuniniudrovu
Central,Naitasiri,Naitasiri,Kasavu
Central,Naitasiri,Naitasiri,Nacokaika
Central,Naitasiri,Naitasiri,Naganivatu
Central,Naitasiri,Naitasiri,Nakini
Central,Naitasiri,Naitasiri,Natowaika
Central,Naitasiri,Naitasiri,Deladamanu
Central,Naitasiri,Naitasiri,Waitolu
Central,Naitasiri,Navuakece,Naterumai
Central,Naitasiri,Navuakece,Navutu
Central,Naitasiri,Navuakece,Korovou
Central,Naitasiri,Navuakece,Vatulili
Central,Naitasiri,Navuakece,Delaiwaimale
Central,Naitasiri,Navuakece,Waisa
Central,Naitasiri,Navuakece,Vatukorosia
Central,Naitasiri,Navuakece,Waisasavu
Central,Naitasiri,Nawaidina,Nabukaluka
Central,Naitasiri,Nawaidina,Nadakuni
Central,Naitasiri,Nawaidina,Lomai
Central,Naitasiri,Nawaidina,Vanuakula
Central,Naitasiri,Nawaidina,Nauluvatu
Central,Naitasiri,Nawaidina,Navurevure
Central,Naitasiri,Nawaidina,Wainawaqa
Central,Naitasiri,Nawaidina,Nasirotu
Central,Naitasiri,Nawaidina,Nasele
Central,Naitasiri,Nawaidina,Naseuvou
Central,Naitasiri,Nawaidina,Delailasakau
Central,Naitasiri,Noimalu,Narokorokoyawa
Central,Naitasiri,Noimalu,Korovou
Central,Naitasiri,Noimalu,Matawailevu
Central,Naitasiri,Noimalu,Nasava
Central,Naitasiri,Noimalu,Nasauvere
Central,Naitasiri,Noimalu,Tubarua
Central,Naitasiri,Rara,Naluwai
Central,Naitasiri,Rara,Waidracia
Central,Naitasiri,Rara,Nasavu
Central,Naitasiri,Soloira,Waikalou
Central,Naitasiri,Soloira,Navatukia
Central,Naitasiri,Soloira,Vunidawa
Central,Naitasiri,Viria,Viria
Central,Naitasiri,Viria,Naqali
Central,Naitasiri,Viria,Namuamua
Central,Naitasiri,Viria,Gusuisavu
Central,Naitasiri,Viria,Navolau
Central,Naitasiri,Viria,Nawaqabena
Central,Naitasiri,Vuna,Sawani
Central,Naitasiri,Vuna,Navatuvula
Central,Naitasiri,Vuna,Colo-i-suva
Central,Naitasiri,Waima,Nakorovatu
Central,Naitasiri,Waima,Naqara
Central,Naitasiri,Waima,Vuisiga
Central,Namosi,Namosi,Namosi
Central,Namosi,Namosi,Navunibau
Central,Namosi,Namosi,Navuniyasitu
Central,Namosi,Namosi,Narukunibua
Central,Namosi,Namosi,Waivaka
Central,Namosi,Naqarawai,Naqarawai
Central,Namosi,Naqarawai,Wainimakutu
Central,Namosi,Naqarawai,Naraiyawa
Central,Namosi,Veinuqa,Nasoqo
Central,Namosi,Veinuqa,Wainilotulevu
Central,Namosi,Veinuqa,Wainiyavu
Central,Namosi,Veinuqa,Buratu
Central,Namosi,Veinuqa,Vunidavo
Central,Namosi,Veivatuloa,Veivatuloa
Central,Namosi,Veivatuloa,Mau
Central,Namosi,Veivatuloa,Nabukavesi
Central,Namosi,Veivatuloa,Qilai
Central,Namosi,Veivatuloa,Navunisoco
Central,Namosi,Veivatuloa,Lobau
Central,Namosi,Veivatuloa,Namelimeli
Central,Namosi,Veivatuloa,Nakavu
Central,Namosi,Wainikoroiluva,Namuamua
Central,Namosi,Wainikoroiluva,Nukusere
Central,Namosi,Wainikoroiluva,Nakavika
Central,Namosi,Wainikoroiluva,Navunikabi
Central,Namosi,Wainikoroiluva,Saliadrau
Central,Rewa,Burebasaga,Burebasaga
Central,Rewa,Burebasaga,Waivou
Central,Rewa,Burebasaga,Naivikisara
Central,Rewa,Burebasaga,Suvalailai
Central,Rewa,Dreketi,Nakorovou
Central,Rewa,Dreketi,Nadoria
Central,Rewa,Dreketi,Vunisinu
Central,Rewa,Dreketi,Nalase
Central,Rewa,Dreketi,Nabuli
Central,Rewa,Noco,Nabudrau
Central,Rewa,Noco,Nakuriwai
Central,Rewa,Noco,Naqarani
Central,Rewa,Noco,Navaka
Central,Rewa,Noco,Taci
Central,Rewa,Noco,Narocake
Central,Rewa,Noco,Matanimoli
Central,Rewa,Noco,Naivilaca
Central,Rewa,Noco,Nacuru
Central,Rewa,Noco,Nakauwaru
Central,Rewa,Raviravi,Nawaisomo
Central,Rewa,Raviravi,Lalati
Central,Rewa,Raviravi,Raviravi
Central,Rewa,Raviravi,Naceva
Central,Rewa,Rewa,Lomanikoro
Central,Rewa,Rewa,Nasigatoka
Central,Rewa,Rewa,Nukutubu
Central,Rewa,Rewa,Nabua
Central,Rewa,Rewa,Nasilai
Central,Rewa,Rewa,Drekena
Central,Rewa,Rewa,Nadoi
Central,Rewa,Rewa,Vunuku
Central,Rewa,Rewa,Tavuya
Central,Rewa,Rewa,Nukui
Central,Rewa,Rewa,Narocivo
Central,Rewa,Rewa,Lokia
Central,Rewa,Sawau,Dakuibeqa
Central,Rewa,Sawau,Suliyaga
Central,Rewa,Sawau,Rukua
Central,Rewa,Sawau,Dakuni
Central,Rewa,Sawau,Naiseuseu
Central,Rewa,Suva,Suvavou
Central,Rewa,Suva,Lami
Central,Rewa,Suva,Waiqanake
Central,Rewa,Suva,Muaivuso
Central,Rewa,Suva,Nabaka
Central,Rewa,Suva,Kalokolevu
Central,Rewa,Suva,Togalevu
Central,Rewa,Suva,Wainawa
Central,Rewa,Toga,Navatuyaba
Central,Rewa,Toga,Vunisei
Central,Rewa,Toga,Muana
Central,Rewa,Vutia,Muanaicake
Central,Rewa,Vutia,Muanaira
Central,Rewa,Vutia,Laucala
Central,Serua,Batiwai,Nakorovou
Central,Serua,Batiwai,Galoa
Central,Serua,Batiwai,Dranikula
Central,Serua,Batiwai,Wainiyabia
Central,Serua,Batiwai,Qarasarau
Central,Serua,Deuba,Nasavu
Central,Serua,Deuba,Sadro
Central,Serua,Deuba,Saniveiuto
Central,Serua,Deuba,Vunibau
Central,Serua,Nuku,Waibogi
Central,Serua,Nuku,Wainadiro
Central,Serua,Nuku,Masi
Central,Serua,Nuku,Naimasimasi
Central,Serua,Nuku,Sabata
Central,Serua,Nuku,Nuku
Central,Serua,Serua,Serua
Central,Serua,Serua,Navutulevu
Central,Serua,Serua,Naboutini
Central,Serua,Serua,Namaqumaqua
Central,Serua,Serua,Vunaniu
Central,Serua,Serua,Korovisilou
Central,Serua,Serua,Yanuca
Central,Serua,Serua,Nabukelevu
Central,Serua,Serua,Culanuku
Central,Tailevu,Bau,Bau
Central,Tailevu,Bau,Lasakau
Central,Tailevu,Bau,Soso
Central,Tailevu,Bau,Nakoroivau
Central,Tailevu,Bau,Namuka
Central,Tailevu,Bau,Natila
Central,Tailevu,Bau,Vatoa
Central,Tailevu,Bau,Waicoka
Central,Tailevu,Bau,Ovea
Central,Tailevu,Bau,Cautata
Central,Tailevu,Bau,Vatani
Central,Tailevu,Bau,Dromuna
Central,Tailevu,Bau,Viwa
Central,Tailevu,Bau,Muanaira
Central,Tailevu,Bau,Naqeledamu
Central,Tailevu,Bau,Logani
Central,Tailevu,Bau,Kiuva
Central,Tailevu,Buretu,Buretu
Central,Tailevu,Buretu,Naivakacau
Central,Tailevu,Buretu,Daku
Central,Tailevu,Buretu,Nabouciwa
Central,Tailevu,Buretu,Matainoco
Central,Tailevu,Dawasamu,Driti
Central,Tailevu,Dawasamu,Delakado
Central,Tailevu,Dawasamu,Silana
Central,Tailevu,Dawasamu,Natalaira
Central,Tailevu,Dawasamu,Nasinu
Central,Tailevu,Dawasamu,Nataradave
Central,Tailevu,Dawasamu,Luvunavuaka
Central,Tailevu,Dawasamu,Nabualau
Central,Tailevu,Dravo,Dravo
Central,Tailevu,Dravo,Maumi
Central,Tailevu,Dravo,Naila
Central,Tailevu,Dravo,Naisogovau
Central,Tailevu,Dravo,Mokani
Central,Tailevu,Nailega,Naibita
Central,Tailevu,Nailega,Manu
Central,Tailevu,Nailega,Wailevu
Central,Tailevu,Nailega,Nailega
Central,Tailevu,Nailega,Nabulini
Central,Tailevu,Nakelo,Nauluvatu
Central,Tailevu,Nakelo,Tumavia
Central,Tailevu,Nakelo,Nakaulevu
Central,Tailevu,Nakelo,Vutuvo
Central,Tailevu,Nakelo,Naluna
Central,Tailevu,Nakelo,Waikete
Central,Tailevu,Nakelo,Namuka/ Vakali
Central,Tailevu,Nakelo,Vadrai
Central,Tailevu,Nakelo,Vaturua
Central,Tailevu,Nakelo,Nasilai
Central,Tailevu,Nakelo,Naimalavau
Central,Tailevu,Nakelo,Visama
Central,Tailevu,Naloto,Naveicovatu
Central,Tailevu,Naloto,Nasau
Central,Tailevu,Naloto,Naivicula
Central,Tailevu,Namalata,Matacaucau
Central,Tailevu,Namalata,Matacula
Central,Tailevu,Namalata,Nayawasara
Central,Tailevu,Namalata,Nailega
Central,Tailevu,Namalata,Navunisole
Central,Tailevu,Namalata,Naitutu
Central,Tailevu,Namalata,Davetalevu
Central,Tailevu,Namalata,Nakalawaca
Central,Tailevu,Namalata,Delaisui
Central,Tailevu,Namalata,Nakorovou
Central,Tailevu,Namalata,Veinuqa
Central,Tailevu,Namara,Naisausau
Central,Tailevu,Namara,Nakorolevu
Central,Tailevu,Namara,Nakalawaca
Central,Tailevu,Namara,Matamaivere
Central,Tailevu,Namara,Tubalevu
Central,Tailevu,Namara,Naikawaga
Central,Tailevu,Namata,Namata
Central,Tailevu,Namata,Raralevu
Central,Tailevu,Namena,Naburenivalu
Central,Tailevu,Namena,Nananu
Central,Tailevu,Namena,Lawaki
Central,Tailevu,Namena,Qelekuro
Central,Tailevu,Namena,Qoma
Central,Tailevu,Namena,Delaikuku
Central,Tailevu,Namena,Nadrano
Central,Tailevu,Nasautoka,Nasautoka
Central,Tailevu,Nasautoka,Nabouva
Central,Tailevu,Nausori,Nausori
Central,Tailevu,Nausori,Naduru
Central,Tailevu,Nausori,Molitava
Central,Tailevu,Nausori,Nadali
Central,Tailevu,Nausori,Vunimono
Central,Tailevu,Nausori,Verata
Central,Tailevu,Nayavu,Nayavu
Central,Tailevu,Nayavu,Naqia
Central,Tailevu,Nayavu,Nasaibitu
Central,Tailevu,Nayavu,Naveiveiwali
Central,Tailevu,Nayavu,Natuvatuvavatu
Central,Tailevu,Nayavu,Namoka
Central,Tailevu,Nuku,Natogadravu
Central,Tailevu,Nuku,Naselai
Central,Tailevu,Sawakasa,Sawakasa I
Central,Tailevu,Sawakasa,Sawakasa II
Central,Tailevu,Sawakasa,Burerua
Central,Tailevu,Sawakasa,Dakuinuku
Central,Tailevu,Sawakasa,Lodoni
Central,Tailevu,Sawakasa,Vorovoro
Central,Tailevu,Tai,Dravuni
Central,Tailevu,Tai,Naisaumua
Central,Tailevu,Tai,Naiborebore
Central,Tailevu,Taivugalei,Natuva
Central,Tailevu,Taivugalei,Vatukarasa
Central,Tailevu,Taivugalei,Nameka
Central,Tailevu,Taivugalei,Tonia
Central,Tailevu,Tokatoka,Nabitu
Central,Tailevu,Tokatoka,Lomainasau
Central,Tailevu,Tokatoka,Vanuadina
Central,Tailevu,Tokatoka,Vuci
Central,Tailevu,Tokatoka,Draubuta
Central,Tailevu,Tokatoka,Nakaile
Central,Tailevu,Tokatoka,Vanualevu
Central,Tailevu,Verata,Ucunivanua
Central,Tailevu,Verata,Naloto
Central,Tailevu,Verata,Naivuruvuru
Central,Tailevu,Verata,Kumi
Central,Tailevu,Verata,Navunimono
Central,Tailevu,Verata,Sawa
Central,Tailevu,Verata,Uluiloli
Central,Tailevu,Vugalei,Natobuniqio
Central,Tailevu,Vugalei,Nadaro
Central,Tailevu,Vugalei,Visa
Central,Tailevu,Vugalei,Savu
Central,Tailevu,Vugalei,Naimasimasi
Central,Tailevu,Vugalei,Namulomulo
Central,Tailevu,Vugalei,Sote
Central,Tailevu,Wailevu,Wailotua I
Central,Tailevu,Wailevu,Wailotua II
Central,Tailevu,Wailevu,Dakuivuna
Central,Tailevu,Wailevu,Malabe
Central,Tailevu,Wailevu,Natokalau
Eastern,Kadavu,Nabukelevu,Dagai
Eastern,Kadavu,Nabukelevu,Talaulia
Eastern,Kadavu,Nabukelevu,Lomati
Eastern,Kadavu,Nabukelevu,Nabukelevuira
Eastern,Kadavu,Nabukelevu,Qalira
Eastern,Kadavu,Nabukelevu,Daviqele
Eastern,Kadavu,Nabukelevu,Nasau
Eastern,Kadavu,Nabukelevu,Kabariki
Eastern,Kadavu,Nabukelevu,Levuka
Eastern,Kadavu,Nabukelevu,Muaninuku
Eastern,Kadavu,Nabukelevu,Tabuya
Eastern,Kadavu,Naceva,Kadavu
Eastern,Kadavu,Naceva,Nacomoto
Eastern,Kadavu,Naceva,Niudua
Eastern,Kadavu,Naceva,Vukavu
Eastern,Kadavu,Naceva,Soso
Eastern,Kadavu,Naceva,Jioma
Eastern,Kadavu,Naceva,Dravuwalu
Eastern,Kadavu,Naceva,Muanisolo
Eastern,Kadavu,Naceva,Vunisei
Eastern,Kadavu,Naceva,Daku
Eastern,Kadavu,Nakasaleka,Nakoronawa
Eastern,Kadavu,Nakasaleka,Lomanikoro
Eastern,Kadavu,Nakasaleka,Nakaunakoro
Eastern,Kadavu,Nakasaleka,Nakaugasele
Eastern,Kadavu,Nakasaleka,Kavala
Eastern,Kadavu,Nakasaleka,Lawaki
Eastern,Kadavu,Nakasaleka,Solotavui
Eastern,Kadavu,Nakasaleka,Tiliva
Eastern,Kadavu,Nakasaleka,Matasawalevu
Eastern,Kadavu,Nakasaleka,Nukuvou
Eastern,Kadavu,Nakasaleka,Namajiu
Eastern,Kadavu,Nakasaleka,Vacalea
Eastern,Kadavu,Nakasaleka,Lavidi
Eastern,Kadavu,Ono,Vabea
Eastern,Kadavu,Ono,Waisomo
Eastern,Kadavu,Ono,Narikoso
Eastern,Kadavu,Ono,Naqara
Eastern,Kadavu,Ono,Nabouwalu
Eastern,Kadavu,Ono,Buliya
Eastern,Kadavu,Ono,Dravuni
Eastern,Kadavu,Ravitaki,Wailevu
Eastern,Kadavu,Ravitaki,Mokoisa
Eastern,Kadavu,Ravitaki,Muani
Eastern,Kadavu,Ravitaki,Ravitaki
Eastern,Kadavu,Ravitaki,Solovola
Eastern,Kadavu,Ravitaki,Matanuku
Eastern,Kadavu,Ravitaki,Nasegai
Eastern,Kadavu,Sanima,Navuatu
Eastern,Kadavu,Sanima,Drue
Eastern,Kadavu,Sanima,Naikorokoro
Eastern,Kadavu,Sanima,Naivakarauniniu
Eastern,Kadavu,Sanima,Namara
Eastern,Kadavu,Sanima,Mataso
Eastern,Kadavu,Tavuki,Tavuki
Eastern,Kadavu,Tavuki,Baidamudamu
Eastern,Kadavu,Tavuki,Nukunuku
Eastern,Kadavu,Tavuki,Nagonedau
Eastern,Kadavu,Tavuki,Solodamu
Eastern,Kadavu,Tavuki,Natumua
Eastern,Kadavu,Tavuki,Waisomo
Eastern,Kadavu,Tavuki,Namuana
Eastern,Kadavu,Tavuki,Namalata
Eastern,Kadavu,Tavuki,Galoa
Eastern,Kadavu,Tavuki,Cevai
Eastern,Kadavu,Yale,Gasele
Eastern,Kadavu,Yale,Nauciwai
Eastern,Kadavu,Yale,Rakiraki
Eastern,Kadavu,Yale,Naioti
Eastern,Kadavu,Yale,Levuka
Eastern,Kadavu,Yawe,Natokalau
Eastern,Kadavu,Yawe,Korovou
Eastern,Kadavu,Yawe,Nalotu
Eastern,Kadavu,Yawe,Yakita
Eastern,Kadavu,Yawe,Naqalotu
Eastern,Kadavu,Yawe,Tawava
Eastern,Lau,Cicia,Tarukua
Eastern,Lau,Cicia,Natokalau
Eastern,Lau,Cicia,Lomaji
Eastern,Lau,Cicia,Mabula
Eastern,Lau,Cicia,Naceva
Eastern,Lau,Fulaga,Muanaira
Eastern,Lau,Fulaga,Muanaicake
Eastern,Lau,Fulaga,Naividamu
Eastern,Lau,Fulaga,Ogea
Eastern,Lau,Kabara,Naikeleyaga
Eastern,Lau,Kabara,Tokalau
Eastern,Lau,Kabara,Namuka
Eastern,Lau,Kabara,Lomaji
Eastern,Lau,Kabara,Komo
Eastern,Lau,Kabara,Udu
Eastern,Lau,Lakeba,Tubou
Eastern,Lau,Lakeba,Nasaqalau
Eastern,Lau,Lakeba,Vakano
Eastern,Lau,Lakeba,Yadrana
Eastern,Lau,Lakeba,Nukunuku
Eastern,Lau,Lakeba,Waitabu
Eastern,Lau,Lakeba,Waciwaci
Eastern,Lau,Lakeba,Levuka
Eastern,Lau,Lomaloma,Lomaloma
Eastern,Lau,Lomaloma,Sawana
Eastern,Lau,Lomaloma,Susui
Eastern,Lau,Lomaloma,Narocivo
Eastern,Lau,Lomaloma,Namalata
Eastern,Lau,Lomaloma,Uruone
Eastern,Lau,Lomaloma,Levukana
Eastern,Lau,Lomaloma,Dakuilomaloma
Eastern,Lau,Lomaloma,Tuvuca
Eastern,Lau,Matuku,Natokalau
Eastern,Lau,Matuku,Yaroi
Eastern,Lau,Matuku,Qalikarua
Eastern,Lau,Matuku,Levukaidaku
Eastern,Lau,Matuku,Makadru
Eastern,Lau,Matuku,Raviravi
Eastern,Lau,Matuku,Lomaji
Eastern,Lau,Moala,Nasoki
Eastern,Lau,Moala,Naroi
Eastern,Lau,Moala,Keteira
Eastern,Lau,Moala,Vunuku
Eastern,Lau,Moala,Cakova
Eastern,Lau,Moala,Vadra
Eastern,Lau,Moala,Maloku
Eastern,Lau,Moala,Muaikacuni
Eastern,Lau,Moce,Nasau
Eastern,Lau,Moce,Korotolu
Eastern,Lau,Mualevu,Mualevu
Eastern,Lau,Mualevu,Mavana
Eastern,Lau,Mualevu,Daliconi
Eastern,Lau,Mualevu,Malaka
Eastern,Lau,Mualevu,Muamua
Eastern,Lau,Mualevu,Boitaci
Eastern,Lau,Mualevu,Cikobia
Eastern,Lau,Mualevu,Yavea
Eastern,Lau,Nayau,Liku
Eastern,Lau,Nayau,Salia
Eastern,Lau,Nayau,Narocivo
Eastern,Lau,Oneata,Waiqori
Eastern,Lau,Oneata,Dakuiloa
Eastern,Lau,Ono,Nukuni
Eastern,Lau,Ono,Lovoni
Eastern,Lau,Ono,Matokana
Eastern,Lau,Ono,Doi
Eastern,Lau,Ono,Vatoa
Eastern,Lau,Totoya,Tovu
Eastern,Lau,Totoya,Ketei
Eastern,Lau,Totoya,Dravuwalu
Eastern,Lau,Totoya,Vanuavatu
Eastern,Lau,Totoya,Udu
Eastern,Lomaiviti,Batiki,Mua
Eastern,Lomaiviti,Batiki,Yavu
Eastern,Lomaiviti,Batiki,Manuku
Eastern,Lomaiviti,Batiki,Naigani
Eastern,Lomaiviti,Bureta,Naiviteitei
Eastern,Lomaiviti,Bureta,Nasaga
Eastern,Lomaiviti,Bureta,Navuloa
Eastern,Lomaiviti,Cawa,Nabasovi
Eastern,Lomaiviti,Cawa,Vatulele
Eastern,Lomaiviti,Cawa,Nabuna
Eastern,Lomaiviti,Cawa,Tavua
Eastern,Lomaiviti,Cawa,Navaga
Eastern,Lomaiviti,Cawa,Kade
Eastern,Lomaiviti,Levuka,Levukavakaviti
Eastern,Lomaiviti,Levuka,Vagadaci
Eastern,Lomaiviti,Levuka,Waitovu
Eastern,Lomaiviti,Levuka,Vuma
Eastern,Lomaiviti,Levuka,Toki
Eastern,Lomaiviti,Levuka,Vatukalo
Eastern,Lomaiviti,Levuka,Nauouo
Eastern,Lomaiviti,Levuka,Arovudi
Eastern,Lomaiviti,Levuka,Taviya
Eastern,Lomaiviti,Levuka,Rukuruku
Eastern,Lomaiviti,Lovoni,Nacobo
Eastern,Lomaiviti,Lovoni,Nukutocia
Eastern,Lomaiviti,Lovoni,Lovoni
Eastern,Lomaiviti,Lovoni,Visoto
Eastern,Lomaiviti,Lovoni,Vuniivisavu
Eastern,Lomaiviti,Lovoni,Nasaumatua
Eastern,Lomaiviti,Moturiki,Niubasaga
Eastern,Lomaiviti,Moturiki,Nasesara
Eastern,Lomaiviti,Moturiki,Navuti
Eastern,Lomaiviti,Moturiki,Nasauvuki
Eastern,Lomaiviti,Moturiki,Naicabecabe
Eastern,Lomaiviti,Moturiki,Yanuca
Eastern,Lomaiviti,Moturiki,Daku
Eastern,Lomaiviti,Moturiki,Uluibau
Eastern,Lomaiviti,Moturiki,Wawa
Eastern,Lomaiviti,Moturiki,Savuna
Eastern,Lomaiviti,Mudu,Tuatua
Eastern,Lomaiviti,Mudu,Naqaidamu
Eastern,Lomaiviti,Mudu,Sinuvaca
Eastern,Lomaiviti,Mudu,Nacamaki
Eastern,Lomaiviti,Mudu,Nakodu
Eastern,Lomaiviti,Mudu,Mudu
Eastern,Lomaiviti,Mudu,Namacu
Eastern,Lomaiviti,Mudu,Nasau
Eastern,Lomaiviti,Nairai,Natauloa
Eastern,Lomaiviti,Nairai,Tovulailai
Eastern,Lomaiviti,Nairai,Lawaki
Eastern,Lomaiviti,Nairai,Vutuna
Eastern,Lomaiviti,Nairai,Waitoga
Eastern,Lomaiviti,Nasinu,Naikorokoro
Eastern,Lomaiviti,Nasinu,Nasinu
Eastern,Lomaiviti,Nasinu,Tokou
Eastern,Lomaiviti,Nasinu,Natokalau
Eastern,Lomaiviti,Navukailagi,Qarani
Eastern,Lomaiviti,Navukailagi,Vione
Eastern,Lomaiviti,Navukailagi,Navukailagi
Eastern,Lomaiviti,Sawaieke,Sawaieke
Eastern,Lomaiviti,Sawaieke,Somosomo
Eastern,Lomaiviti,Sawaieke,Nawaikama
Eastern,Lomaiviti,Sawaieke,Nukuloa
Eastern,Lomaiviti,Sawaieke,Levukaigau
Eastern,Lomaiviti,Sawaieke,Lovu
Eastern,Lomaiviti,Sawaieke,Vadravadra
Eastern,Lomaiviti,Sawaieke,Yadua
Eastern,Lomaiviti,Vanuaso,Vanuaso
Eastern,Lomaiviti,Vanuaso,Lekanai
Eastern,Lomaiviti,Vanuaso,Nacavanadi
Eastern,Lomaiviti,Vanuaso,Malawai
Eastern,Lomaiviti,Vanuaso,Lamiti
Northern,Bua,Bua,Navunievu
Northern,Bua,Bua,Koroinasolo
Northern,Bua,Bua,Bua
Northern,Bua,Bua,Tiliva
Northern,Bua,Bua,Dalomo
Northern,Bua,Bua,Waitabu
Northern,Bua,Bua,Nawailevu
Northern,Bua,Dama,Dama
Northern,Bua,Dama,Nasau
Northern,Bua,Dama,Nawaca
Northern,Bua,Dama,Tavulomo
Northern,Bua,Dama,Naruwai
Northern,Bua,Dama,Nagadoa
Northern,Bua,Dama,Driti
Northern,Bua,Kubulau,Namalata
Northern,Bua,Kubulau,Navatu
Northern,Bua,Kubulau,Raviravi
Northern,Bua,Kubulau,Kiobo
Northern,Bua,Kubulau,Waisa
Northern,Bua,Kubulau,Nasasavua
Northern,Bua,Kubulau,Natokalau
Northern,Bua,Kubulau,Nakorovou
Northern,Bua,Kubulau,Nadivakarua
Northern,Bua,Kubulau,Kilaka
Northern,Bua,Lekutu,Namuavoivoi
Northern,Bua,Lekutu,Banikea
Northern,Bua,Lekutu,Kavula
Northern,Bua,Lekutu,Votua
Northern,Bua,Lekutu,Tavea
Northern,Bua,Lekutu,Galoa
Northern,Bua,Lekutu,Nasarowaqa
Northern,Bua,Lekutu,Yaqaga
Northern,Bua,Nadi,Nasolo
Northern,Bua,Nadi,Nasavu
Northern,Bua,Nadi,Nasawana
Northern,Bua,Nadi,Sawani
Northern,Bua,Navakasiga,Naiviqiri
Northern,Bua,Navakasiga,Nasau
Northern,Bua,Navakasiga,Naivaka
Northern,Bua,Solevu,Makolei
Northern,Bua,Solevu,Nawaido
Northern,Bua,Solevu,Cavaga
Northern,Bua,Vuya,Navave
Northern,Bua,Vuya,Vuya
Northern,Bua,Vuya,Nabouwalu
Northern,Bua,Vuya,Wairiki
Northern,Bua,Vuya,Yadua
Northern,Bua,Wainunu,Daria
Northern,Bua,Wainunu,Nakorotiki
Northern,Bua,Wainunu,Cogea
Northern,Bua,Wainunu,Navakasiga
Northern,Bua,Wainunu,Nadua
Northern,Bua,Wainunu,Saolo
Northern,Cakaudrove,Cakaudrove,Loa
Northern,Cakaudrove,Cakaudrove,Lovonivonu
Northern,Cakaudrove,Cakaudrove,Nakobo
Northern,Cakaudrove,Cakaudrove,Nabagasau
Northern,Cakaudrove,Cakaudrove,Nanuca
Northern,Cakaudrove,Cakaudrove,Dakuniba
Northern,Cakaudrove,Cakaudrove,Somosomo
Northern,Cakaudrove,Cakaudrove,Tavuki
Northern,Cakaudrove,Cakaudrove,Welagi
Northern,Cakaudrove,Cakaudrove,Yacata
Northern,Cakaudrove,Cakaudrove,Vunikura
Northern,Cakaudrove,Cakaudrove,Nawi
Northern,Cakaudrove,Cakaudrove,Lamini
Northern,Cakaudrove,Koroalau,Nukubolu
Northern,Cakaudrove,Koroalau,Vuninadi
Northern,Cakaudrove,Koroalau,Vunidogoloa
Northern,Cakaudrove,Koroalau,Bucalevu
Northern,Cakaudrove,Koroalau,Nakawaga
Northern,Cakaudrove,Koroalau,Nabua
Northern,Cakaudrove,Laucala,Kocoma
Northern,Cakaudrove,Laucala,Naqelelevu
Northern,Cakaudrove,Laucala,Dreketi
Northern,Cakaudrove,Laucala,Togo
Northern,Cakaudrove,Laucala,Yanuca
Northern,Cakaudrove,Natewa,Vusasivo
Northern,Cakaudrove,Natewa,Nadavaci
Northern,Cakaudrove,Natewa,Buca
Northern,Cakaudrove,Natewa,Natewa
Northern,Cakaudrove,Natewa,Dawa
Northern,Cakaudrove,Natewa,Tukavesi
Northern,Cakaudrove,Natewa,Vusaratu
Northern,Cakaudrove,Navatu,Lea
Northern,Cakaudrove,Navatu,Korolevu
Northern,Cakaudrove,Navatu,Koronatoga
Northern,Cakaudrove,Navatu,Korosi
Northern,Cakaudrove,Navatu,Nasinu
Northern,Cakaudrove,Navatu,Navakaka
Northern,Cakaudrove,Navatu,Drekeniwai
Northern,Cakaudrove,Navatu,Viani
Northern,Cakaudrove,Navatu,Tabia
Northern,Cakaudrove,Naweni,Naweni
Northern,Cakaudrove,Naweni,Dromuninuku
Northern,Cakaudrove,Naweni,Tacilevu
Northern,Cakaudrove,Saqani,Lakeba
Northern,Cakaudrove,Saqani,Malake
Northern,Cakaudrove,Saqani,Biaugunu
Northern,Cakaudrove,Saqani,Naboutini
Northern,Cakaudrove,Saqani,Navetau
Northern,Cakaudrove,Saqani,Natuvu
Northern,Cakaudrove,Saqani,Saqani
Northern,Cakaudrove,Saqani,Sese
Northern,Cakaudrove,Saqani,Vuniwai
Northern,Cakaudrove,Saqani,Maravu
Northern,Cakaudrove,Saqani,Valovoni
Northern,Cakaudrove,Saqani,Nacula
Northern,Cakaudrove,Saqani,Nadogo
Northern,Cakaudrove,Savusavu,Waivunia
Northern,Cakaudrove,Savusavu,Nagigi
Northern,Cakaudrove,Savusavu,Naidi
Northern,Cakaudrove,Savusavu,Yaroi
Northern,Cakaudrove,Savusavu,Nacavanadi
Northern,Cakaudrove,Savusavu,Nacekoro
Northern,Cakaudrove,Savusavu,Nukubalavu
Northern,Cakaudrove,Savusavu,Savudrodro
Northern,Cakaudrove,Savusavu,Vivili
Northern,Cakaudrove,Tawake,Yasawa I
Northern,Cakaudrove,Tawake,Nagasauva
Northern,Cakaudrove,Tawake,Tawake
Northern,Cakaudrove,Tawake,Vatu
Northern,Cakaudrove,Tawake,Wainika
Northern,Cakaudrove,Tawake,Wainigadru
Northern,Cakaudrove,Tunuloa,Kanakana
Northern,Cakaudrove,Tunuloa,Karoko
Northern,Cakaudrove,Tunuloa,Koroivonu
Northern,Cakaudrove,Tunuloa,Nailou
Northern,Cakaudrove,Tunuloa,Wailevu
Northern,Cakaudrove,Tunuloa,Muana
Northern,Cakaudrove,Tunuloa,Naqaravutu
Northern,Cakaudrove,Tunuloa,Navetau
Northern,Cakaudrove,Tunuloa,Salia
Northern,Cakaudrove,Vaturova,Korotasere
Northern,Cakaudrove,Vaturova,Lekutulevu
Northern,Cakaudrove,Vaturova,Nakuku
Northern,Cakaudrove,Vaturova,Vatukuca
Northern,Cakaudrove,Vaturova,Koronikoli
Northern,Cakaudrove,Vaturova,Nayarabale
Northern,Cakaudrove,Vaturova,Domokavu
Northern,Cakaudrove,Vaturova,Seavaci
Northern,Cakaudrove,Vaturova,Vanuavou
Northern,Cakaudrove,Vaturova,Vaturamulo
Northern,Cakaudrove,Vaturova,Wavu
Northern,Cakaudrove,Vuna,Kanacea
Northern,Cakaudrove,Vuna,Nakorovou
Northern,Cakaudrove,Vuna,Navakawau
Northern,Cakaudrove,Wailevu,Valeni
Northern,Cakaudrove,Wailevu,Nayarailagi
Northern,Cakaudrove,Wailevu,Batiri
Northern,Cakaudrove,Wailevu,Naiqaqi
Northern,Cakaudrove,Wailevu,Vatuvonu
Northern,Cakaudrove,Wailevu,Vunidawamoli
Northern,Cakaudrove,Wailevu,Natuvu
Northern,Cakaudrove,Wailevu,Laucala
Northern,Cakaudrove,Wailevu,Vuadomo
Northern,Cakaudrove,Wailevu,Urata
Northern,Cakaudrove,Wailevu,Naibaci
Northern,Cakaudrove,Wailevu,Dreketi
Northern,Cakaudrove,Wailevu,Vunivesi
Northern,Cakaudrove,Wailevu,Naloaloa
Northern,Cakaudrove,Wailevu,Nabalebale
Northern,Cakaudrove,Wailevu,Levuka
Northern,Cakaudrove,Wailevu,Bagata
Northern,Cakaudrove,Wailevu,Vatulele
Northern,Cakaudrove,Wailevu,Nadomole
Northern,Cakaudrove,Wailevu,Keka
Northern,Cakaudrove,Wailevu,Yanawai
Northern,Cakaudrove,Wailevu,Jerusalemi
Northern,Cakaudrove,Wailevu,Wailevu
Northern,Cakaudrove,Wailevu,Vakativa
Northern,Cakaudrove,Wailevu,Waisali
Northern,Cakaudrove,Wailevu,Nakasa
Northern,Cakaudrove,Wailevu,Natua
Northern,Cakaudrove,Wainikeli,Qeleni
Northern,Cakaudrove,Wainikeli,Lavena
Northern,Cakaudrove,Wainikeli,Korovou
Northern,Cakaudrove,Wainikeli,Naiviivi
Northern,Cakaudrove,Wainikeli,Nadilo
Northern,Cakaudrove,Wainikeli,Naselesele
Northern,Cakaudrove,Wainikeli,Vidawa
Northern,Cakaudrove,Wainikeli,Waitabu
Northern,Cakaudrove,Wairiki,Navakuru
Northern,Cakaudrove,Wairiki,Suweni
Northern,Cakaudrove,Wairiki,Satulaki
Northern,Cakaudrove,Wairiki,Matalolo
Northern,Macuata,Cikobia,Vuninuku
Northern,Macuata,Cikobia,Nautovatu
Northern,Macuata,Cikobia,Vatulele
Northern,Macuata,Dogotuki,Naduru
Northern,Macuata,Dogotuki,Namukalau
Northern,Macuata,Dogotuki,Nabuna
Northern,Macuata,Dogotuki,Vitina
Northern,Macuata,Dogotuki,Kedra
Northern,Macuata,Dogotuki,Vugalei
Northern,Macuata,Dogotuki,Rauriko
Northern,Macuata,Dogotuki,Lagi
Northern,Macuata,Dogotuki,Qaranivai
Northern,Macuata,Dogotuki,Nabourewa
Northern,Macuata,Dreketi,Nabavatu
Northern,Macuata,Dreketi,Nabiti
Northern,Macuata,Dreketi,Nakanacagi
Northern,Macuata,Dreketi,Vunisea
Northern,Macuata,Dreketi,Lutukina
Northern,Macuata,Dreketi,Nasigasiga
Northern,Macuata,Dreketi,Vuinaqalutu
Northern,Macuata,Labasa,Nasekula
Northern,Macuata,Labasa,Nakorowiri
Northern,Macuata,Labasa,Batinikama
Northern,Macuata,Labasa,Vunimoli
Northern,Macuata,Labasa,Nubunikavula
Northern,Macuata,Labasa,Bulileka
Northern,Macuata,Labasa,Lovelove
Northern,Macuata,Labasa,Dreketilailai
Northern,Macuata,Labasa,Qelemumumu
Northern,Macuata,Labasa,Raranibulubulu
Northern,Macuata,Labasa,Vuiyakana
Northern,Macuata,Labasa,Mataniwai
Northern,Macuata,Labasa,Vunivau
Northern,Macuata,Labasa,Vuo
Northern,Macuata,Labasa,Naqai
Northern,Macuata,Macuata,Naduri
Northern,Macuata,Macuata,Namama
Northern,Macuata,Macuata,Nabouono
Northern,Macuata,Macuata,Nabukadoga
Northern,Macuata,Macuata,Macuata-i-wai
Northern,Macuata,Macuata,Nasea
Northern,Macuata,Macuata,Naqumu
Northern,Macuata,Macuata,Niurua
Northern,Macuata,Macuata,Naividamu
Northern,Macuata,Macuata,Raviravi
Northern,Macuata,Macuata,Nakalou
Northern,Macuata,Macuata,Yaro/Kia
Northern,Macuata,Macuata,Nasuva
Northern,Macuata,Macuata,Daku
Northern,Macuata,Macuata,Buavou
Northern,Macuata,Mali,Nakawaga
Northern,Macuata,Mali,Ligaulevu
Northern,Macuata,Mali,Vesi
Northern,Macuata,Mali,Matailabasa
Northern,Macuata,Nadogo,Kavewa
Northern,Macuata,Nadogo,Sogobiau
Northern,Macuata,Nadogo,Nubu
Northern,Macuata,Nadogo,Nabutubutu
Northern,Macuata,Nadogo,Nakelikoso
Northern,Macuata,Nadogo,Navukebuli
Northern,Macuata,Nadogo,Nasasa
Northern,Macuata,Nadogo,Vunivutu
Northern,Macuata,Nadogo,Mouta
Northern,Macuata,Nadogo,Naqili
Northern,Macuata,Namuka,Visoqo
Northern,Macuata,Namuka,Naua
Northern,Macuata,Namuka,Qelewara
Northern,Macuata,Namuka,Cawadevo
Northern,Macuata,Namuka,Ravuka
Northern,Macuata,Namuka,Matainadoi
Northern,Macuata,Namuka,Lakeba
Northern,Macuata,Namuka,Nabubu
Northern,Macuata,Namuka,Salevukoso
Northern,Macuata,Namuka,Delaivadra
Northern,Macuata,Namuka,Nasoviv
Northern,Macuata,Sasa,Sasa
Northern,Macuata,Sasa,Korotubu
Northern,Macuata,Sasa,Yalava
Northern,Macuata,Sasa,Tabia
Northern,Macuata,Sasa,Navakasobu
Northern,Macuata,Sasa,Korovuli
Northern,Macuata,Sasa,Nakavika
Northern,Macuata,Sasa,Namakomako
Northern,Macuata,Sasa,Vuiraqilai
Northern,Macuata,Sasa,Nasealevu
Northern,Macuata,Seaqaqa,Naravuka
Northern,Macuata,Seaqaqa,Nacereyaga
Northern,Macuata,Seaqaqa,Natua
Northern,Macuata,Seaqaqa,Batiri
Northern,Macuata,Seaqaqa,Nayarailagi
Northern,Macuata,Seaqaqa,Nananivuda
Northern,Macuata,Seaqaqa,Saivou
Northern,Macuata,Seaqaqa,Nacaurokovi
Northern,Macuata,Udu,Vunikodi
Northern,Macuata,Udu,Nabouono
Northern,Macuata,Udu,Nukudamu
Northern,Macuata,Udu,Nukusa
Northern,Macuata,Udu,Cawaro
Northern,Macuata,Wailevu,Wailevu
Northern,Macuata,Wailevu,Nakama
Northern,Macuata,Wailevu,Yaudigi
Northern,Macuata,Wailevu,Vatulovoni
Northern,Macuata,Wailevu,Vuinakawakawa
Northern,Macuata,Wailevu,Nasaqa
Northern,Macuata,Wailevu,Dogoru
Northern,Macuata,Wailevu,Savusavuitaqa
Western,Ba,Bulu,Natalacake
Western,Ba,Bulu,Vadravadra
Western,Ba,Bulu,Sasa
Western,Ba,Bulu,Sorokoba
Western,Ba,Bulu,Natunuku
Western,Ba,Magodro,Nadevo
Western,Ba,Magodro,Navaga
Western,Ba,Magodro,Bukuya
Western,Ba,Magodro,Tabalei
Western,Ba,Magodro,Tabuquto
Western,Ba,Magodro,Nasivikoso
Western,Ba,Nacula,Malakati
Western,Ba,Nacula,Matacawalevu
Western,Ba,Nacula,Vuaki
Western,Ba,Nacula,Navotua
Western,Ba,Nacula,Naisisili
Western,Ba,Nacula,Namatayalevu
Western,Ba,Nacula,Nacula
Western,Ba,Nadi,Narewa
Western,Ba,Nadi,Nakavu
Western,Ba,Nadi,Namotomoto
Western,Ba,Nadi,Navoci
Western,Ba,Nadi,Saunaka
Western,Ba,Nadi,Dratabu
Western,Ba,Nailaga,Votua
Western,Ba,Nailaga,Nawaqarua
Western,Ba,Nailaga,Matawalu
Western,Ba,Nailaga,Nailaga
Western,Ba,Nailaga,Nasolo
Western,Ba,Nailaga,Koroqaqa
Western,Ba,Nailaga,Natutu
Western,Ba,Nalotawa,Rara
Western,Ba,Nalotawa,Nalotawa
Western,Ba,Nalotawa,Nanuku
Western,Ba,Nalotawa,Tukuraki
Western,Ba,Nalotawa,Yaloku
Western,Ba,Nalotawa,Navilawa
Western,Ba,Naloto,Balevuto
Western,Ba,Naloto,Nadrugu
Western,Ba,Naloto,Toge
Western,Ba,Naviti,Soso
Western,Ba,Naviti,Muaira
Western,Ba,Naviti,Kese
Western,Ba,Naviti,Malevu
Western,Ba,Naviti,Marou
Western,Ba,Naviti,Gunu
Western,Ba,Naviti,Somosomo
Western,Ba,Nawaka,Nawaka
Western,Ba,Nawaka,Vatutu
Western,Ba,Nawaka,Namulomulo
Western,Ba,Nawaka,Yavuna
Western,Ba,Nawaka,Tubenasolo
Western,Ba,Qaliyalatina,Navala
Western,Ba,Qaliyalatina,Nakoroboya
Western,Ba,Rukuruku,Nawaqadamu
Western,Ba,Rukuruku,Uto
Western,Ba,Rukuruku,Vunamoli
Western,Ba,Rukuruku,Tore
Western,Ba,Rukuruku,Rararua
Western,Ba,Sabeto,Koroyaca
Western,Ba,Sabeto,Narokorokoyawa
Western,Ba,Sabeto,Natalau
Western,Ba,Sabeto,Naboutini
Western,Ba,Sabeto,Nadele
Western,Ba,Sabeto,Korobebe
Western,Ba,Savatu,Marou
Western,Ba,Savatu,Waikubukubu
Western,Ba,Savatu,Vatucere
Western,Ba,Savatu,Naiyaca
Western,Ba,Savatu,Lewa
Western,Ba,Savatu,Nagatagata
Western,Ba,Savatu,Koro
Western,Ba,Savatu,Drala
Western,Ba,Savatu,Buyabuya
Western,Ba,Savatu,Nadala
Western,Ba,Sikituru,Sikituru
Western,Ba,Sikituru,Yavusania
Western,Ba,Sikituru,Moala
Western,Ba,Sikituru,Korovuto
Western,Ba,Tavua,Tavualevu
Western,Ba,Tavua,Nabuna
Western,Ba,Tavua,Korovou
Western,Ba,Tavua,Vatutavui
Western,Ba,Tavua,Nadelei
Western,Ba,Tavua,Narabulu
Western,Ba,Vaturu,Nagado
Western,Ba,Vaturu,Natawa
Western,Ba,Vitogo,Vitogo
Western,Ba,Vitogo,Naviyago
Western,Ba,Vitogo,Namoli
Western,Ba,Vitogo,Saru
Western,Ba,Vitogo,Vakabuli
Western,Ba,Viwa,Najia
Western,Ba,Viwa,Yakani
Western,Ba,Viwa,Naibalebale
Western,Ba,Vuda,Viseisei
Western,Ba,Vuda,Lauwaki
Western,Ba,Vuda,Lomolomo
Western,Ba,Vuda,Namara
Western,Ba,Vuda,Nagaga
Western,Ba,Vuda,Abaca
Western,Ba,Waya,Yalobi
Western,Ba,Waya,Natawa
Western,Ba,Waya,Wayalevu
Western,Ba,Waya,Nalauwaki
Western,Ba,Yasawa,Teci
Western,Ba,Yasawa,Dalomo
Western,Ba,Yasawa,Tamusua
Western,Ba,Yasawa,Yasawa-i-rara
Western,Ba,Yasawa,Bukama
Western,Ba,Yasawa,Nabukeru
Western,Nadroga/Navosa,Bemana,Tonuve
Western,Nadroga/Navosa,Bemana,Vulinagerua
Western,Nadroga/Navosa,Bemana,Nailebaleba
Western,Nadroga/Navosa,Bemana,Tuvu
Western,Nadroga/Navosa,Conua,Vatukarasa
Western,Nadroga/Navosa,Conua,Korotogo
Western,Nadroga/Navosa,Conua,Nawamagi
Western,Nadroga/Navosa,Conua,Nadrala
Western,Nadroga/Navosa,Conua,Naroro
Western,Nadroga/Navosa,Conua,Narata
Western,Nadroga/Navosa,Cuvu,Cuvu
Western,Nadroga/Navosa,Cuvu,Nayevuyevu
Western,Nadroga/Navosa,Cuvu,Tore
Western,Nadroga/Navosa,Cuvu,Yadua
Western,Nadroga/Navosa,Cuvu,Rukuruku
Western,Nadroga/Navosa,Cuvu,Sanasana/Hanahana
Western,Nadroga/Navosa,Cuvu,Sila
Western,Nadroga/Navosa,Komave,Komave
Western,Nadroga/Navosa,Komave,Namatakula
Western,Nadroga/Navosa,Komave,Biausevu
Western,Nadroga/Navosa,Komave,Navola
Western,Nadroga/Navosa,Komave,Vucilevu
Western,Nadroga/Navosa,Koroinasau,Balenabelo
Western,Nadroga/Navosa,Koroinasau,Vunayawa
Western,Nadroga/Navosa,Koroinasau,Naivibuli
Western,Nadroga/Navosa,Koroinasau,Sovi
Western,Nadroga/Navosa,Korolevuiwai,Votua
Western,Nadroga/Navosa,Korolevuiwai,Votualailai
Western,Nadroga/Navosa,Korolevuiwai,Tagaqe
Western,Nadroga/Navosa,Korolevuiwai,Namada
Western,Nadroga/Navosa,Korolevuiwai,Vadraya
Western,Nadroga/Navosa,Malolo,Tavua
Western,Nadroga/Navosa,Malolo,Solevu
Western,Nadroga/Navosa,Malolo,Yaro
Western,Nadroga/Navosa,Malolo,Yanuya
Western,Nadroga/Navosa,Malomalo,Malomalo
Western,Nadroga/Navosa,Malomalo,Naidiri
Western,Nadroga/Navosa,Malomalo,Nalele
Western,Nadroga/Navosa,Malomalo,Sanasana
Western,Nadroga/Navosa,Malomalo,Vusama
Western,Nadroga/Navosa,Malomalo,Naivisabasaba
Western,Nadroga/Navosa,Malomalo,Batiri
Western,Nadroga/Navosa,Malomalo,Togobula
Western,Nadroga/Navosa,Mavua,Raiwaqa
Western,Nadroga/Navosa,Mavua,Mavua
Western,Nadroga/Navosa,Mavua,Tubairata
Western,Nadroga/Navosa,Nadrau,Nadrau
Western,Nadroga/Navosa,Nadrau,Nabawaqa
Western,Nadroga/Navosa,Nadrau,Qalinasevu
Western,Nadroga/Navosa,Nadrau,Naga
Western,Nadroga/Navosa,Namataku,Keiyasi
Western,Nadroga/Navosa,Namataku,Nasaucoko
Western,Nadroga/Navosa,Namataku,Draiba
Western,Nadroga/Navosa,Namataku,Sawana
Western,Nadroga/Navosa,Namataku,Wauosi
Western,Nadroga/Navosa,Namataku,Edrau
Western,Nadroga/Navosa,Namataku,Navula
Western,Nadroga/Navosa,Namataku,Nausori
Western,Nadroga/Navosa,Namataku,Navitilevu
Western,Nadroga/Navosa,Naqalimare,Koroisagana
Western,Nadroga/Navosa,Naqalimare,Sautabu
Western,Nadroga/Navosa,Naqalimare,Natawatawadi
Western,Nadroga/Navosa,Naqalimare,Toga
Western,Nadroga/Navosa,Naqalimare,Vunaqoru
Western,Nadroga/Navosa,Naqalimare,Naveiyago
Western,Nadroga/Navosa,Naqalimare,Koroua
Western,Nadroga/Navosa,Naqalimare,Malevu
Western,Nadroga/Navosa,Nasigatoka,Nasigatoka
Western,Nadroga/Navosa,Nasigatoka,Yavulo
Western,Nadroga/Navosa,Nasigatoka,Nasama
Western,Nadroga/Navosa,Nasigatoka,Vunavutu
Western,Nadroga/Navosa,Nasigatoka,Volivoli
Western,Nadroga/Navosa,Nasigatoka,Nayawa
Western,Nadroga/Navosa,Nasigatoka,Laselase
Western,Nadroga/Navosa,Nasikawa,Nawairabe
Western,Nadroga/Navosa,Nasikawa,Korovou
Western,Nadroga/Navosa,Nasikawa,Matokana
Western,Nadroga/Navosa,Nasikawa,Waibasaga
Western,Nadroga/Navosa,Navatusila,Nabutautau
Western,Nadroga/Navosa,Navatusila,Sauvakarua
Western,Nadroga/Navosa,Navatusila,Mare
Western,Nadroga/Navosa,Navatusila,Nanoko
Western,Nadroga/Navosa,Noikoro,Korolevu
Western,Nadroga/Navosa,Noikoro,Namoli
Western,Nadroga/Navosa,Noikoro,Nukuilau
Western,Nadroga/Navosa,Noikoro,Vatubalavu
Western,Nadroga/Navosa,Noikoro,Nabuyanitu
Western,Nadroga/Navosa,Noikoro,Drobuta
Western,Nadroga/Navosa,Noikoro,Nakoro
Western,Nadroga/Navosa,Noikoro,Wema
Western,Nadroga/Navosa,Nokonoko,Lawai
Western,Nadroga/Navosa,Nokonoko,Nakabuta
Western,Nadroga/Navosa,Nokonoko,Nakalavo
Western,Nadroga/Navosa,Nokonoko,Vunatorau
Western,Nadroga/Navosa,Nokonoko,Tilivalevu
Western,Nadroga/Navosa,Nokonoko,Naduri
Western,Nadroga/Navosa,Raviravi,Momi
Western,Nadroga/Navosa,Raviravi,Nabila
Western,Nadroga/Navosa,Raviravi,Yako
Western,Nadroga/Navosa,Tuva,Vouwa
Western,Nadroga/Navosa,Tuva,Nadroumai
Western,Nadroga/Navosa,Tuva,Togovere
Western,Nadroga/Navosa,Tuva,Semo
Western,Nadroga/Navosa,Tuva,Nabau
Western,Nadroga/Navosa,Tuva,Kabisi
Western,Nadroga/Navosa,Tuva,Emuri
Western,Nadroga/Navosa,Tuva,Niu Yako
Western,Nadroga/Navosa,Vatulele,Taunovo
Western,Nadroga/Navosa,Vatulele,Lomanikaya
Western,Nadroga/Navosa,Vatulele,Ekubu
Western,Nadroga/Navosa,Vatulele,Bouwaqa
Western,Nadroga/Navosa,Wai,Lomawai
Western,Nadroga/Navosa,Wai,Kubuna
Western,Nadroga/Navosa,Wai,Nakorokula
Western,Nadroga/Navosa,Wai,Navutu
Western,Nadroga/Navosa,Wai,Tau
Western,Nadroga/Navosa,Wai,Bavu
Western,Nadroga/Navosa,Waicoba,Narewa
Western,Nadroga/Navosa,Waicoba,Vagadra
Western,Nadroga/Navosa,Waicoba,Narata
Western,Nadroga/Navosa,Waicoba,Nasovatava
Western,Ra,Bureivanua,Balekinaga
Western,Ra,Bureivanua,Soa
Western,Ra,Bureivanua,Nalidi
Western,Ra,Bureivanua,Matuku
Western,Ra,Burewai,Nadogoloa
Western,Ra,Burewai,Matainaniu
Western,Ra,Burewai,Delaiyadua
Western,Ra,Burewai,Naivoco
Western,Ra,Kavula,Nabukadra
Western,Ra,Kavula,Nayavutoka
Western,Ra,Kavula,Selemi
Western,Ra,Lawaki,Nakorovou
Western,Ra,Lawaki,Nawairuku
Western,Ra,Lawaki,Namara
Western,Ra,Lawaki,Sawenivo
Western,Ra,Mataso,Nakorovou
Western,Ra,Mataso,Narikoso
Western,Ra,Nababa,Navitilevu
Western,Ra,Nababa,Nalalawa
Western,Ra,Nababa,Rokovuaka
Western,Ra,Nailuva,Nararabou
Western,Ra,Nailuva,Balesere
Western,Ra,Nailuva,Nailuva
Western,Ra,Nailuva,Namasia
Western,Ra,Nailuva,Naqelebici
Western,Ra,Nailuva,Nasavu
Western,Ra,Naiyalayala,Drauniivi
Western,Ra,Naiyalayala,Nananu
Western,Ra,Naiyalayala,Rabulu
Western,Ra,Naiyalayala,Naseyani
Western,Ra,Naiyalayala,Togovere
Western,Ra,Naiyalayala,Narauyaba
Western,Ra,Nakorotubu,Naocobau
Western,Ra,Nakorotubu,Namara
Western,Ra,Nakorotubu,Verevere
Western,Ra,Nakorotubu,Nadavacia
Western,Ra,Nakorotubu,Saioko
Western,Ra,Nakuailava,Toki
Western,Ra,Nakuailava,Draunaleka
Western,Ra,Nakuailava,Bucalevu
Western,Ra,Nakuailava,Tobu
Western,Ra,Nakuailava,Savuloto
Western,Ra,Nakuailava,Dama
Western,Ra,Nalaba,Burelevu
Western,Ra,Nalaba,Namarai
Western,Ra,Nalaba,Nativi
Western,Ra,Nalawa,Matawailevu
Western,Ra,Nalawa,Nausori
Western,Ra,Nalawa,Burenitu
Western,Ra,Naroko,Vatukacevaceva
Western,Ra,Naroko,Rewasa
Western,Ra,Naroko,Nokonoko
Western,Ra,Naroko,Vaidoko
Western,Ra,Naroko,Draunivau
Western,Ra,Naroko,Naboutolu
Western,Ra,Naroko,Narara
Western,Ra,Nasau,Ovalau
Western,Ra,Nasau,Vanuakula
Western,Ra,Nasau,Nukulau
Western,Ra,Nasau,Nasukamai
Western,Ra,Nasau,Nauria
Western,Ra,Nasau,Nasau
Western,Ra,Nasau,Waidrata
Western,Ra,Nasau,Nubumakita
Western,Ra,Navitilevu,Navuniivi
Western,Ra,Navitilevu,Nayavuira
Western,Ra,Navitilevu,Nasau
Western,Ra,Navitilevu,Veidrala
Western,Ra,Navolau,Navolau I
Western,Ra,Navolau,Navolau II
Western,Ra,Navolau,Namuaimada
Western,Ra,Navolau,Nakorokula
Western,Ra,Rakiraki,Vatusekiyasawa
Western,Ra,Rakiraki,Navuavua
Western,Ra,Rakiraki,Navutulevu
Western,Ra,Rakiraki,Malake
Western,Ra,Raviravi,Vitawa
Western,Ra,Raviravi,Vunitogoloa
Western,Ra,Raviravi,Naivuvuni
Western,Ra,Raviravi,Narewa
Western,Ra,Saivou,Nanukuloa
Western,Ra,Saivou,Barotu
Western,Ra,Saivou,Naiserelagi
Western,Ra,Saivou,Tokiyo
Western,Ra,Saivou,Rokoroko
Western,Ra,Tokaimalo,Nailawa
Western,Ra,Tokaimalo,Mataveikai
Western,Ra,Tokaimalo,Nabalabala
Western,Ra,Tokaimalo,Vunisea
Western,Ra,Tokaimalo,Vuniyaumunu
Western,Ra,Tokaimalo,Nayaulevu
Western,Ra,Tokaimalo,Naraviravi
Western,Ra,Tokaimalo,Naivutu
Western,Ra,Tokaimalo,Navavai
